phenotype,count,percent
0,272,66.99507389162561
1,134,33.004926108374384
