employment_status,n_<= 65 years_Accelerated aging,n_<= 65 years_Decelerated aging,n_> 65 years_Accelerated aging,n_> 65 years_Decelerated aging,pct_<= 65 years_Accelerated aging,pct_<= 65 years_Decelerated aging,pct_> 65 years_Accelerated aging,pct_> 65 years_Decelerated aging
Homemaker,7,8,1,10,11.11111111111111,10.526315789473683,2.5,9.523809523809524
Retired,11,4,25,78,17.46031746031746,5.263157894736842,62.5,74.28571428571429
Unemployed,5,9,1,3,7.936507936507936,11.842105263157894,2.5,2.857142857142857
Worker,40,55,13,14,63.49206349206349,72.36842105263158,32.5,13.333333333333334
