age_group_clean,phenotype,N,mean,sd,median,q1,q3,min,max,phenotype_label
<= 65 years,0,123,25.36439024390244,4.599695133579099,24.68,22.055,27.87,16.53,41.87,Decelerated aging
<= 65 years,1,80,23.04925,4.038725759381747,22.534999999999997,20.275,25.3925,15.41,38.51,Accelerated aging
> 65 years,0,146,25.45109589041096,3.8676050012784438,24.615000000000002,22.845,27.67,16.9,40.89,Decelerated aging
> 65 years,1,52,23.426923076923078,3.146381387737995,23.575000000000003,21.1525,25.01,15.11,33.59,Accelerated aging
