variable,n_total_used,n_levels,lr_chi2,df,p_value,note
alcohol_consumption,272,3,5.4898167395629685,4,0.24062604755849862,OK
bmi_category,406,4,19.72020759200666,6,0.0031053892136270783,OK
education_level,215,4,26.79098370776245,6,0.0001584621325500705,OK
employment_status,289,4,13.681980777992067,6,0.03339754202030241,OK
ethnicity,405,3,2.0193490703616703,2,0.36433753932831436,OK
gender,406,2,6.2470948853707,2,0.04400080091194436,OK
smoking_status_detail,270,3,2.2492787889457304,4,0.6900182011812047,OK
