best_base_model,auc,accuracy,balanced_accuracy,precision,recall,f1,threshold,tn,fp,fn,tp
LogReg_ElasticNet,0.9521885521885521,0.8292682926829268,0.7595959595959596,0.8823529411764706,0.5555555555555556,0.6818181818181818,0.5,53,2,12,15
